{"M06": 0.003370614371074, "H81": 0.040907001685307184, "J02": 0.07308104795464991, "E11": 0.08028190592921709, "I10": 0.12900260456565038, "E78.1": 0.004902711812471273, "188": 0.0007660487206986365, "L03": 0.003064194882794546, "L23.9": 0.004289872835912364, "K21": 0.01409529646085491, "N40": 0.004749502068331546, "H61.2": 0.0027577753945150912, "H66": 0.003983453347632909, "E50.0": 0.0009192584648383637, "E78": 0.03523824115213728, "N34": 0.006894438486287728, "J20": 0.05255094223992646, "J30.3": 0.012103569787038455, "R10": 0.002144936417956182, "M10": 0.007966906695265818, "M25.4": 0.0012256779531178183, "J42": 0.021142944691282365, "K05": 0.010418262601501456, "A09": 0.0022981461620959092, "S91": 0.0009192584648383637, "G46*": 0.08104795464991574, "LO8": 0.0012256779531178183, "K75": 0.003217404626934273, "B20": 0.0009192584648383637, "T10": 0.027118124712731728, "G45": 0.0022981461620959092, "R23.3": 0.00045962923241918186, "L08.0": 0.0012256779531178183, "H25": 0.00015320974413972729, "K29": 0.014401715949134366, "L20": 0.01363566722843573, "K12.2": 0.017006281599509728, "J06": 0.002144936417956182, "S52.8": 0.00030641948827945457, "M15": 0.0027577753945150912, "M13": 0.010877891833920638, "S83": 0.0006128389765589091, "J11": 0.006281599509728819, "R51": 0.004136663091772637, "S53": 0.0007660487206986365, "S60": 0.0035238241152137275, "R10.4": 0.0075072774628466375, "L50": 0.0035238241152137275, "J03": 0.002144936417956182, "J01": 0.005209131300750728, "S07.o": 0.00045962923241918186, "K74": 0.0019917266738164545, "L28.2": 0.0012256779531178183, "J37": 0.0006128389765589091, "G61": 0.0012256779531178183, "K04": 0.010265052857361729, "K02": 0.007200857974567183, "H10": 0.005668760533169909, "592": 0.00045962923241918186, "S90": 0.003370614371074, "N20": 0.0045962923241918184, "H52.5": 0.00045962923241918186, "J06.0": 0.0044430825800520915, "I49": 0.01072468208978091, "E07": 0.00045962923241918186, "S80": 0.0009192584648383637, "J31": 0.00903937490424391, "E64.2": 0.00045962923241918186, "J32": 0.0012256779531178183, "H53": 0.0045962923241918184, "G58.0": 0.0022981461620959092, "K29.1": 0.001532097441397273, "S63": 0.001532097441397273, "I25": 0.009805423624942546, "K52.3": 0.0007660487206986365, "K59.0": 0.0019917266738164545, "K76.0": 0.0006128389765589091, "R07.3": 0.005055921556611001, "D69": 0.0009192584648383637, "T78.4": 0.001685307185537, "L02": 0.001532097441397273, "L21.8": 0.0007660487206986365, "L29": 0.002144936417956182, "M47": 0.003830243603493182, "J10": 0.002144936417956182, "R64": 0.0027577753945150912, "F48.0": 0.0007660487206986365, "S20.2": 0.0018385169296767274, "M13.0": 0.001685307185537, "(E11)TD": 0.0029109851386548186, "(E75)TD": 0.00030641948827945457, "II0": 0.0007660487206986365, "S91.2": 0.0009192584648383637, "I20": 0.004749502068331546, "F06.6": 0.00030641948827945457, "S42.1": 0.001072468208978091, "N39.0": 0.002144936417956182, "R81": 0.00030641948827945457, "L08": 0.0022981461620959092, "G47": 0.002604565650375364, "H81.1": 0.00030641948827945457, "N30": 0.005362341044890455, "S90.0": 0.001072468208978091, "S81": 0.001072468208978091, "H60": 0.003677033859353455, "K80": 0.00045962923241918186, "M13.9": 0.0007660487206986365, "S42.4": 0.0006128389765589091, "S42": 0.00045962923241918186, "K12": 0.001685307185537, "K10.2": 0.0009192584648383637, "E51.1": 0.00045962923241918186, "M47.9": 0.0009192584648383637, "164": 0.00030641948827945457, "R07.2": 0.005362341044890455, "106.1": 0.00045962923241918186, "M17.3": 0.00045962923241918186, "I70": 0.004902711812471273, "E79.0": 0.0013788876972575456, "J30.4": 0.001685307185537, "H11.3": 0.00030641948827945457, "E53.9": 0.005975180021449364, "085": 0.00015320974413972729, "N61": 0.00045962923241918186, "K76": 0.007660487206986364, "D34": 0.0035238241152137275, "S22.3": 0.00030641948827945457, "S52": 0.0012256779531178183, "S92": 0.001072468208978091, "J40": 0.006741228742148, "J44": 0.0018385169296767274, "(E78)TD": 0.00045962923241918186, "(N18)TD": 0.00015320974413972729, "S43": 0.002604565650375364, "646?": 0.00030641948827945457, "M17": 0.0013788876972575456, "H66.0": 0.001072468208978091, "K07.6": 0.0006128389765589091, "M54.2": 0.0006128389765589091, "130.3": 0.0006128389765589091, "E78.2": 0.0044430825800520915, "S33": 0.00045962923241918186, "E50.9": 0.0009192584648383637, "I70.2": 0.0006128389765589091, "E78.0": 0.001072468208978091, "S50": 0.00045962923241918186, "D69.0": 0.00045962923241918186, "590.3": 0.00030641948827945457, "H65.1": 0.00045962923241918186, "N18": 0.0009192584648383637, "R072": 0.00030641948827945457, "S03": 0.00045962923241918186, "B02": 0.0013788876972575456, "S00": 0.001072468208978091, "K77?": 0.00015320974413972729, "I88.8": 0.00045962923241918186, "M02": 0.00045962923241918186, "N92": 0.00030641948827945457, "G58": 0.00030641948827945457, "K73": 0.00030641948827945457, "M25.5": 0.001532097441397273, "S82": 0.0007660487206986365, "I50.1": 0.0006128389765589091, "S80.0": 0.0024513559062356366, "593": 0.0006128389765589091, "K52": 0.0018385169296767274, "M80": 0.00045962923241918186, "J00": 0.001072468208978091, "M54": 0.0013788876972575456, "S62": 0.00030641948827945457, "N75": 0.00045962923241918186, "012.2": 0.00045962923241918186, "L04.0": 0.00045962923241918186, "E50.3": 0.00030641948827945457, "N41": 0.0006128389765589091, "M60": 0.00030641948827945457, "J04.0": 0.00045962923241918186, "K27": 0.00030641948827945457, "S93": 0.001685307185537, "Y82": 0.00015320974413972729, "S40.0": 0.00030641948827945457, "K05.2": 0.00045962923241918186, "M19": 0.0006128389765589091, "H65": 0.0009192584648383637, "K59.1": 0.00030641948827945457, "L50.0": 0.0007660487206986365, "K12.3": 0.0007660487206986365, "M50": 0.0013788876972575456, "U61.012.0": 0.00045962923241918186, "SS2": 0.00045962923241918186, "S61": 0.001532097441397273, "K30": 0.00015320974413972729, "H10.1": 0.0006128389765589091, "M81.0": 0.0006128389765589091, "N20.1": 0.00030641948827945457, "G56": 0.00030641948827945457, "I50": 0.0012256779531178183, "S50.1": 0.0007660487206986365, "144": 0.0006128389765589091, "Z95.5": 0.0006128389765589091, "L30": 0.00045962923241918186, "(M25.4)TD": 0.0006128389765589091, "K58.0": 0.00015320974413972729, "S02.2": 0.00030641948827945457, "[06": 0.00045962923241918186, "I30.3": 0.0006128389765589091, "I49.1": 0.00015320974413972729, "K04.7": 0.00045962923241918186, "127": 0.00045962923241918186, "107.1": 0.00045962923241918186, "K04.0": 0.001532097441397273, "S01": 0.00030641948827945457, "S06": 0.00030641948827945457, "R60.9": 0.00045962923241918186, "G54": 0.00030641948827945457, "141": 0.00045962923241918186, "S70": 0.00030641948827945457, "K14.0": 0.0007660487206986365, "F00*": 0.00015320974413972729, "135.0": 0.0006128389765589091, "M113": 0.00045962923241918186, "Q44.6": 0.00030641948827945457, "I25.2": 0.0006128389765589091, "S81.7": 0.00030641948827945457, "E51": 0.001072468208978091, "J32.0": 0.00045962923241918186, "I88": 0.00030641948827945457, "R50": 0.00045962923241918186, "K64.1": 0.00015320974413972729, "S61.0": 0.00045962923241918186, "S90.3": 0.00030641948827945457, "H00": 0.00030641948827945457, "S79.8": 0.00030641948827945457, "R60": 0.00030641948827945457, "U62.152": 0.00030641948827945457, "K03.6": 0.0006128389765589091, "543": 0.00030641948827945457, "N76": 0.0006128389765589091, "H10.2": 0.00030641948827945457, "S51": 0.00045962923241918186, "M77.3": 0.0006128389765589091, "Z29.8": 0.0006128389765589091, "K56": 0.00030641948827945457, "K29.9": 0.0006128389765589091, "B19": 0.00015320974413972729, "H65.3": 0.00045962923241918186, "U55.542": 0.00030641948827945457, "S42.3": 0.00030641948827945457, "I83": 0.00015320974413972729, "(N17)TD": 0.00030641948827945457, "E73": 0.00045962923241918186, "J41.0": 0.00045962923241918186, "K51": 0.00030641948827945457}