{
    "0": 1,
    "1": 0.7412655572568296,
    "2": 0.5543545318159305,
    "3": 0.7446962585908246,
    "4": 0.26193316696365565,
    "5": 0.1133621306042884,
    "6": 0.3306076174949934,
    "7": 0.1394294906277244,
    "8": 0.38587932194718805,
    "9": 0,
    "10": 0.45447908724082897,
    "11": 0.3774041650787581,
    "12": 0.21823792290038085,
    "13": 0.32871597628353455,
    "14": 0.4565264828776147,
    "15": 0,
    "16": 0.15440572020142576,
    "17": 1.4385124074268494,
    "18": 0.8310756718134037,
    "19": 0,
    "20": 0.6220302136528043,
    "21": 0.13784499618625287,
    "22": 0.0759576223389319,
    "23": 0.7173679555232713,
    "24": 0,
    "25": 0.6253201397849457,
    "26": 0.9230990732842669,
    "27": 0.10159252689444057,
    "28": 0.1420860454577294,
    "29": 0.10866515682529228,
    "30": 0.2615217739108397,
    "31": 0.21809995784347674,
    "32": 0.2599134241331519,
    "33": 0.14555901466094986,
    "34": 0.618694716731821,
    "35": 0.36110595441597226,
    "36": 0.4507771561255433,
    "37": 0.037493255797374524,
    "38": 0.10953005276480117,
    "39": 0.30768473355391723,
    "40": 0,
    "41": 0.773911221597715,
    "42": 0.31012152251140934,
    "43": 0.2260595489604225,
    "44": 0.1276070576881613,
    "45": 0.30706240901118687,
    "46": 0.1315761069628383,
    "47": 0.0945514606740338,
    "48": 0.1337348930218251,
    "49": 0.6983334355397205,
    "50": 0.5780456416705675,
    "51": 0.41455399622716854,
    "52": 0.22162128804534117,
    "53": 0.48780435458351756,
    "54": 0,
    "55": 0.3395712819182756,
    "56": 0.17795969077850451,
    "57": 0.33695147813614873,
    "58": 0.43743173805426167,
    "59": 0.05902941327620004,
    "60": 0.5825775082110305,
    "61": 0.09247022795913264,
    "62": 0.154395261638985,
    "63": 0.3258432879630116,
    "64": 0.5422698087197576,
    "65": 0.09707633092530758,
    "66": 0.10956216858082582,
    "67": 0.07260774494644297,
    "68": 0.12401098014196137,
    "69": 0.10942389957179553,
    "70": 0.07505541869670462,
    "71": 0.15482169571655982,
    "72": 0.13537607444376307,
    "73": 0.2540831283544811,
    "74": 0.07796796266484539,
    "75": 0.2513106381548437,
    "76": 0,
    "77": 0.0858844348046633,
    "78": 0,
    "79": 0.13201268060462562,
    "80": 0.4380855083149406,
    "81": 0.3042263249163265,
    "82": 0.48582480745178613,
    "83": 0.43882034081814725,
    "84": 0.27962980298389495,
    "85": 0.059158000359247245,
    "86": 0.10283405750498435,
    "87": 0.15745590333467668,
    "88": 0.08927688687889634,
    "89": 0.38540263465653063,
    "90": 0.18612082317289785,
    "91": 0.16058491225678334,
    "92": 0.10074923517764779,
    "93": 0.17659575631862406,
    "94": 0.21197587989090882,
    "95": 0.5005270209917304
}