{
    "0": 1,
    "60": 0.8364550869608928,
    "1": 2.414598729557714,
    "13": 0.7123137156934567,
    "44": 0.27651913496337255,
    "8": 0.59601083819808,
    "2": 1.0059490205085788,
    "10": 1.387390086101828,
    "5": 0.39015966443410643,
    "25": 1.0779283438361262,
    "7": 0.32270259359171993,
    "18": 1.2860911376914164,
    "4": 0.405342059844388,
    "55": 0.5254871861868936,
    "26": 0.9278546801574686,
    "34": 0.6399829339689996,
    "17": 1.4214219367881114,
    "28": 0.4407077433526719,
    "49": 2.16601814409697,
    "21": 0.40084616713500226,
    "71": 0.5321478697896134,
    "57": 1.3916009573767214,
    "38": 0.4278457080596444,
    "79": 0.8999574564870767,
    "39": 0.41340107103016926,
    "11": 0.3065324962851361,
    "12": 0.7744222191215732,
    "35": 0.48703665699258775,
    "29": 0.32423298670100315,
    "6": 1.315953583313952,
    "41": 1.6761349101984806,
    "20": 1.3471914183506177,
    "82": 1.05219810397539,
    "9": 0.8004150536974713,
    "95": 2.040115277061921,
    "59": 0.32449020982363835,
    "48": 0.43021877979385714,
    "22": 0.18191601870859925,
    "33": 0.3074375400150855,
    "84": 0.9875587646399231,
    "46": 0.46468272073214856,
    "62": 0.6112083924548438,
    "72": 0.503430704045118,
    "30": 0.19526603395857026,
    "14": 0.2920136344840489,
    "43": 0.0978720494439424,
    "36": 0.2742318901908346,
    "31": 0.15139563848551812,
    "50": 0.2649838417699679,
    "45": 0.15028369311811038,
    "80": 0.42703089744800243,
    "3": 0.6025518422518823,
    "23": 0.8137529351706638,
    "68": 0.25555923386622215,
    "32": 0.49562810767382626,
    "65": 0.27666404816419554,
    "16": 0.5657783369779217,
    "56": 0.7637952100415926,
    "87": 0.7190922018553172,
    "61": 0.3938375825933524,
    "74": 0.3560752741525781,
    "69": 0.22103762882672448,
    "81": 1.0219384965198244,
    "27": 0.3448942588693284,
    "47": 0.4266169167663193,
    "89": 0.8297838443885099,
    "42": 0.6701048754407568,
    "83": 0.9384445184429192,
    "51": 0.9466533118187972,
    "77": 0.20341621446111288,
    "66": 0.5405036030633379,
    "75": 0.6667867771012433,
    "88": 0.2509963735838829,
    "93": 1.7353921499071279,
    "37": 0.2594755597675712,
    "67": 0.4500642752767948,
    "52": 1.373735328973644,
    "63": 3.494755783538588,
    "91": 1.7564103902699812,
    "86": 0.5034713171093308,
    "92": 0.7124298614219068,
    "94": 0.8911446959662905,
    "70": 0.3041586754653088,
    "90": 0.2826258374184599,
    "53": 0.3288134018114392,
    "85": 0.2823081596163733,
    "73": 0.6975457905079675,
    "64": 1.016332438474062,
    "40": 0.4471826179956657,
    "15": 0,
    "19": 0,
    "24": 0,
    "54": 0,
    "58": 0,
    "76": 0,
    "78": 0
}